<?xml version="1.0" encoding="UTF-8"?>
<!DOCTYPE mapper PUBLIC "-//mybatis.org//DTD Mapper 3.0//EN" "http://mybatis.org/dtd/mybatis-3-mapper.dtd">
<mapper namespace="com.offcn.pojo.TbOrderExample.TbContentMapper">
  <resultMap id="BaseResultMap" type="com.offcn.pojo.TbContent">
    <id column="id" jdbcType="BIGINT" property="id" />
    <result column="category_id" jdbcType="BIGINT" property="categoryId" />
    <result column="title" jdbcType="VARCHAR" property="title" />
    <result column="url" jdbcType="VARCHAR" property="url" />
    <result column="pic" jdbcType="VARCHAR" property="pic" />
    <result column="status" jdbcType="VARCHAR" property="status" />
    <result column="sort_order" jdbcType="INTEGER" property="sortOrder" />
  </resultMap>
  <sql id="Example_Where_Clause">
    <where>
      <foreach collection="oredCriteria" item="criteria" separator="or">
        <if test="criteria.valid">
          <trim prefix="(" prefixOverrides="and" suffix=")">
            <foreach collection="criteria.criteria" item="criterion">
              <choose>
                <when test="criterion.noValue">
                  and ${criterion.condition}
                </when>
                <when test="criterion.singleValue">
                  and ${criterion.condition} #{criterion.value}
                </when>
                <when test="criterion.betweenValue">
                  and ${criterion.condition} #{criterion.value} and #{criterion.secondValue}
                </when>
                <when test="criterion.listValue">
                  and ${criterion.condition}
                  <foreach close=")" collection="criterion.value" item="listItem" open="(" separator=",">
                    #{listItem}
                  </foreach>
                </when>
              </choose>
            </foreach>
          </trim>
        </if>
      </foreach>
    </where>
  </sql>
  <sql id="Update_By_Example_Where_Clause">
    <where>
      <foreach collection="example.oredCriteria" item="criteria" separator="or">
        <if test="criteria.valid">
          <trim prefix="(" prefixOverrides="and" suffix=")">
            <foreach collection="criteria.criteria" item="criterion">
              <choose>
                <when test="criterion.noValue">
                  and ${criterion.condition}
                </when>
                <when test="criterion.singleValue">
                  and ${criterion.condition} #{criterion.value}
                </when>
                <when test="criterion.betweenValue">
                  and ${criterion.condition} #{criterion.value} and #{criterion.secondValue}
                </when>
                <when test="criterion.listValue">
                  and ${criterion.condition}
                  <foreach close=")" collection="criterion.value" item="listItem" open="(" separator=",">
                    #{listItem}
                  </foreach>
                </when>
              </choose>
            </foreach>
          </trim>
        </if>
      </foreach>
    </where>
  </sql>
  <sql id="Base_Column_List">
    id, category_id, title, url, pic, status, sort_order
  </sql>
  <select id="selectByExample" parameterType="com.offcn.pojo.TbContentExample" resultMap="BaseResultMap">
    select
    <if test="distinct">
      distinct
    </if>
    'true' as QUERYID,
    <include refid="Base_Column_List" />
    from tb_content
    <if test="_parameter != null">
      <include refid="Example_Where_Clause" />
    </if>
    <if test="orderByClause != null">
      order by ${orderByClause}
    </if>
  </select>
  <select id="selectByPrimaryKey" parameterType="java.lang.Long" resultMap="BaseResultMap">
    select 
    <include refid="Base_Column_List" />
    from tb_content
    where id = #{id,jdbcType=BIGINT}
  </select>
  <delete id="deleteByPrimaryKey" parameterType="java.lang.Long">
    delete from tb_content
    where id = #{id,jdbcType=BIGINT}
  </delete>
  <delete id="deleteByExample" parameterType="com.offcn.pojo.TbContentExample">
    delete from tb_content
    <if test="_parameter != null">
      <include refid="Example_Where_Clause" />
    </if>
  </delete>
  <insert id="insert" parameterType="com.offcn.pojo.TbContent">
    insert into tb_content (id, category_id, title, 
      url, pic, status, sort_order
      )
    values (#{id,jdbcType=BIGINT}, #{categoryId,jdbcType=BIGINT}, #{title,jdbcType=VARCHAR}, 
      #{url,jdbcType=VARCHAR}, #{pic,jdbcType=VARCHAR}, #{status,jdbcType=VARCHAR}, #{sortOrder,jdbcType=INTEGER}
      )
  </insert>
  <insert id="insertSelective" parameterType="com.offcn.pojo.TbContent">
    insert into tb_content
    <trim prefix="(" suffix=")" suffixOverrides=",">
      <if test="id != null">
        id,
      </if>
      <if test="categoryId != null">
        category_id,
      </if>
      <if test="title != null">
        title,
      </if>
      <if test="url != null">
        url,
      </if>
      <if test="pic != null">
        pic,
      </if>
      <if test="status != null">
        status,
      </if>
      <if test="sortOrder != null">
        sort_order,
      </if>
    </trim>
    <trim prefix="values (" suffix=")" suffixOverrides=",">
      <if test="id != null">
        #{id,jdbcType=BIGINT},
      </if>
      <if test="categoryId != null">
        #{categoryId,jdbcType=BIGINT},
      </if>
      <if test="title != null">
        #{title,jdbcType=VARCHAR},
      </if>
      <if test="url != null">
        #{url,jdbcType=VARCHAR},
      </if>
      <if test="pic != null">
        #{pic,jdbcType=VARCHAR},
      </if>
      <if test="status != null">
        #{status,jdbcType=VARCHAR},
      </if>
      <if test="sortOrder != null">
        #{sortOrder,jdbcType=INTEGER},
      </if>
    </trim>
  </insert>
  <select id="countByExample" parameterType="com.offcn.pojo.TbContentExample" resultType="java.lang.Long">
    select count(*) from tb_content
    <if test="_parameter != null">
      <include refid="Example_Where_Clause" />
    </if>
  </select>
  <update id="updateByExampleSelective" parameterType="map">
    update tb_content
    <set>
      <if test="record.id != null">
        id = #{record.id,jdbcType=BIGINT},
      </if>
      <if test="record.categoryId != null">
        category_id = #{record.categoryId,jdbcType=BIGINT},
      </if>
      <if test="record.title != null">
        title = #{record.title,jdbcType=VARCHAR},
      </if>
      <if test="record.url != null">
        url = #{record.url,jdbcType=VARCHAR},
      </if>
      <if test="record.pic != null">
        pic = #{record.pic,jdbcType=VARCHAR},
      </if>
      <if test="record.status != null">
        status = #{record.status,jdbcType=VARCHAR},
      </if>
      <if test="record.sortOrder != null">
        sort_order = #{record.sortOrder,jdbcType=INTEGER},
      </if>
    </set>
    <if test="_parameter != null">
      <include refid="Update_By_Example_Where_Clause" />
    </if>
  </update>
  <update id="updateByExample" parameterType="map">
    update tb_content
    set id = #{record.id,jdbcType=BIGINT},
      category_id = #{record.categoryId,jdbcType=BIGINT},
      title = #{record.title,jdbcType=VARCHAR},
      url = #{record.url,jdbcType=VARCHAR},
      pic = #{record.pic,jdbcType=VARCHAR},
      status = #{record.status,jdbcType=VARCHAR},
      sort_order = #{record.sortOrder,jdbcType=INTEGER}
    <if test="_parameter != null">
      <include refid="Update_By_Example_Where_Clause" />
    </if>
  </update>
  <update id="updateByPrimaryKeySelective" parameterType="com.offcn.pojo.TbContent">
    update tb_content
    <set>
      <if test="categoryId != null">
        category_id = #{categoryId,jdbcType=BIGINT},
      </if>
      <if test="title != null">
        title = #{title,jdbcType=VARCHAR},
      </if>
      <if test="url != null">
        url = #{url,jdbcType=VARCHAR},
      </if>
      <if test="pic != null">
        pic = #{pic,jdbcType=VARCHAR},
      </if>
      <if test="status != null">
        status = #{status,jdbcType=VARCHAR},
      </if>
      <if test="sortOrder != null">
        sort_order = #{sortOrder,jdbcType=INTEGER},
      </if>
    </set>
    where id = #{id,jdbcType=BIGINT}
  </update>
  <update id="updateByPrimaryKey" parameterType="com.offcn.pojo.TbContent">
    update tb_content
    set category_id = #{categoryId,jdbcType=BIGINT},
      title = #{title,jdbcType=VARCHAR},
      url = #{url,jdbcType=VARCHAR},
      pic = #{pic,jdbcType=VARCHAR},
      status = #{status,jdbcType=VARCHAR},
      sort_order = #{sortOrder,jdbcType=INTEGER}
    where id = #{id,jdbcType=BIGINT}
  </update>
</mapper>