<?xml version="1.0" encoding="UTF-8"?>
<!DOCTYPE mapper PUBLIC "-//mybatis.org//DTD Mapper 3.0//EN" "http://mybatis.org/dtd/mybatis-3-mapper.dtd">
<mapper namespace="com.offcn.mapper.TbGoodsMapper">
  <resultMap id="BaseResultMap" type="com.offcn.pojo.TbGoods">
    <id column="id" jdbcType="BIGINT" property="id" />
    <result column="seller_id" jdbcType="VARCHAR" property="sellerId" />
    <result column="goods_name" jdbcType="VARCHAR" property="goodsName" />
    <result column="default_item_id" jdbcType="BIGINT" property="defaultItemId" />
    <result column="audit_status" jdbcType="VARCHAR" property="auditStatus" />
    <result column="is_marketable" jdbcType="VARCHAR" property="isMarketable" />
    <result column="brand_id" jdbcType="BIGINT" property="brandId" />
    <result column="caption" jdbcType="VARCHAR" property="caption" />
    <result column="category1_id" jdbcType="BIGINT" property="category1Id" />
    <result column="category2_id" jdbcType="BIGINT" property="category2Id" />
    <result column="category3_id" jdbcType="BIGINT" property="category3Id" />
    <result column="small_pic" jdbcType="VARCHAR" property="smallPic" />
    <result column="price" jdbcType="DECIMAL" property="price" />
    <result column="type_template_id" jdbcType="BIGINT" property="typeTemplateId" />
    <result column="is_enable_spec" jdbcType="VARCHAR" property="isEnableSpec" />
    <result column="is_delete" jdbcType="VARCHAR" property="isDelete" />
  </resultMap>
  <sql id="Example_Where_Clause">
    <where>
      <foreach collection="oredCriteria" item="criteria" separator="or">
        <if test="criteria.valid">
          <trim prefix="(" prefixOverrides="and" suffix=")">
            <foreach collection="criteria.criteria" item="criterion">
              <choose>
                <when test="criterion.noValue">
                  and ${criterion.condition}
                </when>
                <when test="criterion.singleValue">
                  and ${criterion.condition} #{criterion.value}
                </when>
                <when test="criterion.betweenValue">
                  and ${criterion.condition} #{criterion.value} and #{criterion.secondValue}
                </when>
                <when test="criterion.listValue">
                  and ${criterion.condition}
                  <foreach close=")" collection="criterion.value" item="listItem" open="(" separator=",">
                    #{listItem}
                  </foreach>
                </when>
              </choose>
            </foreach>
          </trim>
        </if>
      </foreach>
    </where>
  </sql>
  <sql id="Update_By_Example_Where_Clause">
    <where>
      <foreach collection="example.oredCriteria" item="criteria" separator="or">
        <if test="criteria.valid">
          <trim prefix="(" prefixOverrides="and" suffix=")">
            <foreach collection="criteria.criteria" item="criterion">
              <choose>
                <when test="criterion.noValue">
                  and ${criterion.condition}
                </when>
                <when test="criterion.singleValue">
                  and ${criterion.condition} #{criterion.value}
                </when>
                <when test="criterion.betweenValue">
                  and ${criterion.condition} #{criterion.value} and #{criterion.secondValue}
                </when>
                <when test="criterion.listValue">
                  and ${criterion.condition}
                  <foreach close=")" collection="criterion.value" item="listItem" open="(" separator=",">
                    #{listItem}
                  </foreach>
                </when>
              </choose>
            </foreach>
          </trim>
        </if>
      </foreach>
    </where>
  </sql>
  <sql id="Base_Column_List">
    id, seller_id, goods_name, default_item_id, audit_status, is_marketable, brand_id, 
    caption, category1_id, category2_id, category3_id, small_pic, price, type_template_id, 
    is_enable_spec, is_delete
  </sql>
  <select id="selectByExample" parameterType="com.offcn.pojo.TbGoodsExample" resultMap="BaseResultMap">
    select
    <if test="distinct">
      distinct
    </if>
    'true' as QUERYID,
    <include refid="Base_Column_List" />
    from tb_goods
    <if test="_parameter != null">
      <include refid="Example_Where_Clause" />
    </if>
    <if test="orderByClause != null">
      order by ${orderByClause}
    </if>
  </select>
  <select id="selectByPrimaryKey" parameterType="java.lang.Long" resultMap="BaseResultMap">
    select 
    <include refid="Base_Column_List" />
    from tb_goods
    where id = #{id,jdbcType=BIGINT}
  </select>
  <delete id="deleteByPrimaryKey" parameterType="java.lang.Long">
    delete from tb_goods
    where id = #{id,jdbcType=BIGINT}
  </delete>
  <delete id="deleteByExample" parameterType="com.offcn.pojo.TbGoodsExample">
    delete from tb_goods
    <if test="_parameter != null">
      <include refid="Example_Where_Clause" />
    </if>
  </delete>
  <insert id="insert" parameterType="com.offcn.pojo.TbGoods">
    insert into tb_goods (id, seller_id, goods_name, 
      default_item_id, audit_status, is_marketable, 
      brand_id, caption, category1_id, 
      category2_id, category3_id, small_pic, 
      price, type_template_id, is_enable_spec, 
      is_delete)
    values (#{id,jdbcType=BIGINT}, #{sellerId,jdbcType=VARCHAR}, #{goodsName,jdbcType=VARCHAR}, 
      #{defaultItemId,jdbcType=BIGINT}, #{auditStatus,jdbcType=VARCHAR}, #{isMarketable,jdbcType=VARCHAR}, 
      #{brandId,jdbcType=BIGINT}, #{caption,jdbcType=VARCHAR}, #{category1Id,jdbcType=BIGINT}, 
      #{category2Id,jdbcType=BIGINT}, #{category3Id,jdbcType=BIGINT}, #{smallPic,jdbcType=VARCHAR}, 
      #{price,jdbcType=DECIMAL}, #{typeTemplateId,jdbcType=BIGINT}, #{isEnableSpec,jdbcType=VARCHAR}, 
      #{isDelete,jdbcType=VARCHAR})
  </insert>
  <insert id="insertSelective" parameterType="com.offcn.pojo.TbGoods">
    insert into tb_goods
    <trim prefix="(" suffix=")" suffixOverrides=",">
      <if test="id != null">
        id,
      </if>
      <if test="sellerId != null">
        seller_id,
      </if>
      <if test="goodsName != null">
        goods_name,
      </if>
      <if test="defaultItemId != null">
        default_item_id,
      </if>
      <if test="auditStatus != null">
        audit_status,
      </if>
      <if test="isMarketable != null">
        is_marketable,
      </if>
      <if test="brandId != null">
        brand_id,
      </if>
      <if test="caption != null">
        caption,
      </if>
      <if test="category1Id != null">
        category1_id,
      </if>
      <if test="category2Id != null">
        category2_id,
      </if>
      <if test="category3Id != null">
        category3_id,
      </if>
      <if test="smallPic != null">
        small_pic,
      </if>
      <if test="price != null">
        price,
      </if>
      <if test="typeTemplateId != null">
        type_template_id,
      </if>
      <if test="isEnableSpec != null">
        is_enable_spec,
      </if>
      <if test="isDelete != null">
        is_delete,
      </if>
    </trim>
    <trim prefix="values (" suffix=")" suffixOverrides=",">
      <if test="id != null">
        #{id,jdbcType=BIGINT},
      </if>
      <if test="sellerId != null">
        #{sellerId,jdbcType=VARCHAR},
      </if>
      <if test="goodsName != null">
        #{goodsName,jdbcType=VARCHAR},
      </if>
      <if test="defaultItemId != null">
        #{defaultItemId,jdbcType=BIGINT},
      </if>
      <if test="auditStatus != null">
        #{auditStatus,jdbcType=VARCHAR},
      </if>
      <if test="isMarketable != null">
        #{isMarketable,jdbcType=VARCHAR},
      </if>
      <if test="brandId != null">
        #{brandId,jdbcType=BIGINT},
      </if>
      <if test="caption != null">
        #{caption,jdbcType=VARCHAR},
      </if>
      <if test="category1Id != null">
        #{category1Id,jdbcType=BIGINT},
      </if>
      <if test="category2Id != null">
        #{category2Id,jdbcType=BIGINT},
      </if>
      <if test="category3Id != null">
        #{category3Id,jdbcType=BIGINT},
      </if>
      <if test="smallPic != null">
        #{smallPic,jdbcType=VARCHAR},
      </if>
      <if test="price != null">
        #{price,jdbcType=DECIMAL},
      </if>
      <if test="typeTemplateId != null">
        #{typeTemplateId,jdbcType=BIGINT},
      </if>
      <if test="isEnableSpec != null">
        #{isEnableSpec,jdbcType=VARCHAR},
      </if>
      <if test="isDelete != null">
        #{isDelete,jdbcType=VARCHAR},
      </if>
    </trim>
  </insert>
  <select id="countByExample" parameterType="com.offcn.pojo.TbGoodsExample" resultType="java.lang.Long">
    select count(*) from tb_goods
    <if test="_parameter != null">
      <include refid="Example_Where_Clause" />
    </if>
  </select>
  <update id="updateByExampleSelective" parameterType="map">
    update tb_goods
    <set>
      <if test="record.id != null">
        id = #{record.id,jdbcType=BIGINT},
      </if>
      <if test="record.sellerId != null">
        seller_id = #{record.sellerId,jdbcType=VARCHAR},
      </if>
      <if test="record.goodsName != null">
        goods_name = #{record.goodsName,jdbcType=VARCHAR},
      </if>
      <if test="record.defaultItemId != null">
        default_item_id = #{record.defaultItemId,jdbcType=BIGINT},
      </if>
      <if test="record.auditStatus != null">
        audit_status = #{record.auditStatus,jdbcType=VARCHAR},
      </if>
      <if test="record.isMarketable != null">
        is_marketable = #{record.isMarketable,jdbcType=VARCHAR},
      </if>
      <if test="record.brandId != null">
        brand_id = #{record.brandId,jdbcType=BIGINT},
      </if>
      <if test="record.caption != null">
        caption = #{record.caption,jdbcType=VARCHAR},
      </if>
      <if test="record.category1Id != null">
        category1_id = #{record.category1Id,jdbcType=BIGINT},
      </if>
      <if test="record.category2Id != null">
        category2_id = #{record.category2Id,jdbcType=BIGINT},
      </if>
      <if test="record.category3Id != null">
        category3_id = #{record.category3Id,jdbcType=BIGINT},
      </if>
      <if test="record.smallPic != null">
        small_pic = #{record.smallPic,jdbcType=VARCHAR},
      </if>
      <if test="record.price != null">
        price = #{record.price,jdbcType=DECIMAL},
      </if>
      <if test="record.typeTemplateId != null">
        type_template_id = #{record.typeTemplateId,jdbcType=BIGINT},
      </if>
      <if test="record.isEnableSpec != null">
        is_enable_spec = #{record.isEnableSpec,jdbcType=VARCHAR},
      </if>
      <if test="record.isDelete != null">
        is_delete = #{record.isDelete,jdbcType=VARCHAR},
      </if>
    </set>
    <if test="_parameter != null">
      <include refid="Update_By_Example_Where_Clause" />
    </if>
  </update>
  <update id="updateByExample" parameterType="map">
    update tb_goods
    set id = #{record.id,jdbcType=BIGINT},
      seller_id = #{record.sellerId,jdbcType=VARCHAR},
      goods_name = #{record.goodsName,jdbcType=VARCHAR},
      default_item_id = #{record.defaultItemId,jdbcType=BIGINT},
      audit_status = #{record.auditStatus,jdbcType=VARCHAR},
      is_marketable = #{record.isMarketable,jdbcType=VARCHAR},
      brand_id = #{record.brandId,jdbcType=BIGINT},
      caption = #{record.caption,jdbcType=VARCHAR},
      category1_id = #{record.category1Id,jdbcType=BIGINT},
      category2_id = #{record.category2Id,jdbcType=BIGINT},
      category3_id = #{record.category3Id,jdbcType=BIGINT},
      small_pic = #{record.smallPic,jdbcType=VARCHAR},
      price = #{record.price,jdbcType=DECIMAL},
      type_template_id = #{record.typeTemplateId,jdbcType=BIGINT},
      is_enable_spec = #{record.isEnableSpec,jdbcType=VARCHAR},
      is_delete = #{record.isDelete,jdbcType=VARCHAR}
    <if test="_parameter != null">
      <include refid="Update_By_Example_Where_Clause" />
    </if>
  </update>
  <update id="updateByPrimaryKeySelective" parameterType="com.offcn.pojo.TbGoods">
    update tb_goods
    <set>
      <if test="sellerId != null">
        seller_id = #{sellerId,jdbcType=VARCHAR},
      </if>
      <if test="goodsName != null">
        goods_name = #{goodsName,jdbcType=VARCHAR},
      </if>
      <if test="defaultItemId != null">
        default_item_id = #{defaultItemId,jdbcType=BIGINT},
      </if>
      <if test="auditStatus != null">
        audit_status = #{auditStatus,jdbcType=VARCHAR},
      </if>
      <if test="isMarketable != null">
        is_marketable = #{isMarketable,jdbcType=VARCHAR},
      </if>
      <if test="brandId != null">
        brand_id = #{brandId,jdbcType=BIGINT},
      </if>
      <if test="caption != null">
        caption = #{caption,jdbcType=VARCHAR},
      </if>
      <if test="category1Id != null">
        category1_id = #{category1Id,jdbcType=BIGINT},
      </if>
      <if test="category2Id != null">
        category2_id = #{category2Id,jdbcType=BIGINT},
      </if>
      <if test="category3Id != null">
        category3_id = #{category3Id,jdbcType=BIGINT},
      </if>
      <if test="smallPic != null">
        small_pic = #{smallPic,jdbcType=VARCHAR},
      </if>
      <if test="price != null">
        price = #{price,jdbcType=DECIMAL},
      </if>
      <if test="typeTemplateId != null">
        type_template_id = #{typeTemplateId,jdbcType=BIGINT},
      </if>
      <if test="isEnableSpec != null">
        is_enable_spec = #{isEnableSpec,jdbcType=VARCHAR},
      </if>
      <if test="isDelete != null">
        is_delete = #{isDelete,jdbcType=VARCHAR},
      </if>
    </set>
    where id = #{id,jdbcType=BIGINT}
  </update>
  <update id="updateByPrimaryKey" parameterType="com.offcn.pojo.TbGoods">
    update tb_goods
    set seller_id = #{sellerId,jdbcType=VARCHAR},
      goods_name = #{goodsName,jdbcType=VARCHAR},
      default_item_id = #{defaultItemId,jdbcType=BIGINT},
      audit_status = #{auditStatus,jdbcType=VARCHAR},
      is_marketable = #{isMarketable,jdbcType=VARCHAR},
      brand_id = #{brandId,jdbcType=BIGINT},
      caption = #{caption,jdbcType=VARCHAR},
      category1_id = #{category1Id,jdbcType=BIGINT},
      category2_id = #{category2Id,jdbcType=BIGINT},
      category3_id = #{category3Id,jdbcType=BIGINT},
      small_pic = #{smallPic,jdbcType=VARCHAR},
      price = #{price,jdbcType=DECIMAL},
      type_template_id = #{typeTemplateId,jdbcType=BIGINT},
      is_enable_spec = #{isEnableSpec,jdbcType=VARCHAR},
      is_delete = #{isDelete,jdbcType=VARCHAR}
    where id = #{id,jdbcType=BIGINT}
  </update>
</mapper>