<?xml version="1.0" encoding="UTF-8"?>
<!DOCTYPE mapper PUBLIC "-//mybatis.org//DTD Mapper 3.0//EN" "http://mybatis.org/dtd/mybatis-3-mapper.dtd">
<mapper namespace="com.offcn.mapper.TbPayLogMapper">
  <resultMap id="BaseResultMap" type="com.offcn.pojo.TbPayLog">
    <id column="out_trade_no" jdbcType="VARCHAR" property="outTradeNo" />
    <result column="create_time" jdbcType="TIMESTAMP" property="createTime" />
    <result column="pay_time" jdbcType="TIMESTAMP" property="payTime" />
    <result column="total_fee" jdbcType="BIGINT" property="totalFee" />
    <result column="user_id" jdbcType="VARCHAR" property="userId" />
    <result column="transaction_id" jdbcType="VARCHAR" property="transactionId" />
    <result column="trade_state" jdbcType="VARCHAR" property="tradeState" />
    <result column="order_list" jdbcType="VARCHAR" property="orderList" />
    <result column="pay_type" jdbcType="VARCHAR" property="payType" />
  </resultMap>
  <sql id="Example_Where_Clause">
    <where>
      <foreach collection="oredCriteria" item="criteria" separator="or">
        <if test="criteria.valid">
          <trim prefix="(" prefixOverrides="and" suffix=")">
            <foreach collection="criteria.criteria" item="criterion">
              <choose>
                <when test="criterion.noValue">
                  and ${criterion.condition}
                </when>
                <when test="criterion.singleValue">
                  and ${criterion.condition} #{criterion.value}
                </when>
                <when test="criterion.betweenValue">
                  and ${criterion.condition} #{criterion.value} and #{criterion.secondValue}
                </when>
                <when test="criterion.listValue">
                  and ${criterion.condition}
                  <foreach close=")" collection="criterion.value" item="listItem" open="(" separator=",">
                    #{listItem}
                  </foreach>
                </when>
              </choose>
            </foreach>
          </trim>
        </if>
      </foreach>
    </where>
  </sql>
  <sql id="Update_By_Example_Where_Clause">
    <where>
      <foreach collection="example.oredCriteria" item="criteria" separator="or">
        <if test="criteria.valid">
          <trim prefix="(" prefixOverrides="and" suffix=")">
            <foreach collection="criteria.criteria" item="criterion">
              <choose>
                <when test="criterion.noValue">
                  and ${criterion.condition}
                </when>
                <when test="criterion.singleValue">
                  and ${criterion.condition} #{criterion.value}
                </when>
                <when test="criterion.betweenValue">
                  and ${criterion.condition} #{criterion.value} and #{criterion.secondValue}
                </when>
                <when test="criterion.listValue">
                  and ${criterion.condition}
                  <foreach close=")" collection="criterion.value" item="listItem" open="(" separator=",">
                    #{listItem}
                  </foreach>
                </when>
              </choose>
            </foreach>
          </trim>
        </if>
      </foreach>
    </where>
  </sql>
  <sql id="Base_Column_List">
    out_trade_no, create_time, pay_time, total_fee, user_id, transaction_id, trade_state, 
    order_list, pay_type
  </sql>
  <select id="selectByExample" parameterType="com.offcn.pojo.TbPayLogExample" resultMap="BaseResultMap">
    select
    <if test="distinct">
      distinct
    </if>
    'true' as QUERYID,
    <include refid="Base_Column_List" />
    from tb_pay_log
    <if test="_parameter != null">
      <include refid="Example_Where_Clause" />
    </if>
    <if test="orderByClause != null">
      order by ${orderByClause}
    </if>
  </select>
  <select id="selectByPrimaryKey" parameterType="java.lang.String" resultMap="BaseResultMap">
    select 
    <include refid="Base_Column_List" />
    from tb_pay_log
    where out_trade_no = #{outTradeNo,jdbcType=VARCHAR}
  </select>
  <delete id="deleteByPrimaryKey" parameterType="java.lang.String">
    delete from tb_pay_log
    where out_trade_no = #{outTradeNo,jdbcType=VARCHAR}
  </delete>
  <delete id="deleteByExample" parameterType="com.offcn.pojo.TbPayLogExample">
    delete from tb_pay_log
    <if test="_parameter != null">
      <include refid="Example_Where_Clause" />
    </if>
  </delete>
  <insert id="insert" parameterType="com.offcn.pojo.TbPayLog">
    insert into tb_pay_log (out_trade_no, create_time, pay_time, 
      total_fee, user_id, transaction_id, 
      trade_state, order_list, pay_type
      )
    values (#{outTradeNo,jdbcType=VARCHAR}, #{createTime,jdbcType=TIMESTAMP}, #{payTime,jdbcType=TIMESTAMP}, 
      #{totalFee,jdbcType=BIGINT}, #{userId,jdbcType=VARCHAR}, #{transactionId,jdbcType=VARCHAR}, 
      #{tradeState,jdbcType=VARCHAR}, #{orderList,jdbcType=VARCHAR}, #{payType,jdbcType=VARCHAR}
      )
  </insert>
  <insert id="insertSelective" parameterType="com.offcn.pojo.TbPayLog">
    insert into tb_pay_log
    <trim prefix="(" suffix=")" suffixOverrides=",">
      <if test="outTradeNo != null">
        out_trade_no,
      </if>
      <if test="createTime != null">
        create_time,
      </if>
      <if test="payTime != null">
        pay_time,
      </if>
      <if test="totalFee != null">
        total_fee,
      </if>
      <if test="userId != null">
        user_id,
      </if>
      <if test="transactionId != null">
        transaction_id,
      </if>
      <if test="tradeState != null">
        trade_state,
      </if>
      <if test="orderList != null">
        order_list,
      </if>
      <if test="payType != null">
        pay_type,
      </if>
    </trim>
    <trim prefix="values (" suffix=")" suffixOverrides=",">
      <if test="outTradeNo != null">
        #{outTradeNo,jdbcType=VARCHAR},
      </if>
      <if test="createTime != null">
        #{createTime,jdbcType=TIMESTAMP},
      </if>
      <if test="payTime != null">
        #{payTime,jdbcType=TIMESTAMP},
      </if>
      <if test="totalFee != null">
        #{totalFee,jdbcType=BIGINT},
      </if>
      <if test="userId != null">
        #{userId,jdbcType=VARCHAR},
      </if>
      <if test="transactionId != null">
        #{transactionId,jdbcType=VARCHAR},
      </if>
      <if test="tradeState != null">
        #{tradeState,jdbcType=VARCHAR},
      </if>
      <if test="orderList != null">
        #{orderList,jdbcType=VARCHAR},
      </if>
      <if test="payType != null">
        #{payType,jdbcType=VARCHAR},
      </if>
    </trim>
  </insert>
  <select id="countByExample" parameterType="com.offcn.pojo.TbPayLogExample" resultType="java.lang.Long">
    select count(*) from tb_pay_log
    <if test="_parameter != null">
      <include refid="Example_Where_Clause" />
    </if>
  </select>
  <update id="updateByExampleSelective" parameterType="map">
    update tb_pay_log
    <set>
      <if test="record.outTradeNo != null">
        out_trade_no = #{record.outTradeNo,jdbcType=VARCHAR},
      </if>
      <if test="record.createTime != null">
        create_time = #{record.createTime,jdbcType=TIMESTAMP},
      </if>
      <if test="record.payTime != null">
        pay_time = #{record.payTime,jdbcType=TIMESTAMP},
      </if>
      <if test="record.totalFee != null">
        total_fee = #{record.totalFee,jdbcType=BIGINT},
      </if>
      <if test="record.userId != null">
        user_id = #{record.userId,jdbcType=VARCHAR},
      </if>
      <if test="record.transactionId != null">
        transaction_id = #{record.transactionId,jdbcType=VARCHAR},
      </if>
      <if test="record.tradeState != null">
        trade_state = #{record.tradeState,jdbcType=VARCHAR},
      </if>
      <if test="record.orderList != null">
        order_list = #{record.orderList,jdbcType=VARCHAR},
      </if>
      <if test="record.payType != null">
        pay_type = #{record.payType,jdbcType=VARCHAR},
      </if>
    </set>
    <if test="_parameter != null">
      <include refid="Update_By_Example_Where_Clause" />
    </if>
  </update>
  <update id="updateByExample" parameterType="map">
    update tb_pay_log
    set out_trade_no = #{record.outTradeNo,jdbcType=VARCHAR},
      create_time = #{record.createTime,jdbcType=TIMESTAMP},
      pay_time = #{record.payTime,jdbcType=TIMESTAMP},
      total_fee = #{record.totalFee,jdbcType=BIGINT},
      user_id = #{record.userId,jdbcType=VARCHAR},
      transaction_id = #{record.transactionId,jdbcType=VARCHAR},
      trade_state = #{record.tradeState,jdbcType=VARCHAR},
      order_list = #{record.orderList,jdbcType=VARCHAR},
      pay_type = #{record.payType,jdbcType=VARCHAR}
    <if test="_parameter != null">
      <include refid="Update_By_Example_Where_Clause" />
    </if>
  </update>
  <update id="updateByPrimaryKeySelective" parameterType="com.offcn.pojo.TbPayLog">
    update tb_pay_log
    <set>
      <if test="createTime != null">
        create_time = #{createTime,jdbcType=TIMESTAMP},
      </if>
      <if test="payTime != null">
        pay_time = #{payTime,jdbcType=TIMESTAMP},
      </if>
      <if test="totalFee != null">
        total_fee = #{totalFee,jdbcType=BIGINT},
      </if>
      <if test="userId != null">
        user_id = #{userId,jdbcType=VARCHAR},
      </if>
      <if test="transactionId != null">
        transaction_id = #{transactionId,jdbcType=VARCHAR},
      </if>
      <if test="tradeState != null">
        trade_state = #{tradeState,jdbcType=VARCHAR},
      </if>
      <if test="orderList != null">
        order_list = #{orderList,jdbcType=VARCHAR},
      </if>
      <if test="payType != null">
        pay_type = #{payType,jdbcType=VARCHAR},
      </if>
    </set>
    where out_trade_no = #{outTradeNo,jdbcType=VARCHAR}
  </update>
  <update id="updateByPrimaryKey" parameterType="com.offcn.pojo.TbPayLog">
    update tb_pay_log
    set create_time = #{createTime,jdbcType=TIMESTAMP},
      pay_time = #{payTime,jdbcType=TIMESTAMP},
      total_fee = #{totalFee,jdbcType=BIGINT},
      user_id = #{userId,jdbcType=VARCHAR},
      transaction_id = #{transactionId,jdbcType=VARCHAR},
      trade_state = #{tradeState,jdbcType=VARCHAR},
      order_list = #{orderList,jdbcType=VARCHAR},
      pay_type = #{payType,jdbcType=VARCHAR}
    where out_trade_no = #{outTradeNo,jdbcType=VARCHAR}
  </update>
</mapper>