<?xml version="1.0" encoding="UTF-8"?>
<!DOCTYPE mapper PUBLIC "-//mybatis.org//DTD Mapper 3.0//EN" "http://mybatis.org/dtd/mybatis-3-mapper.dtd">
<mapper namespace="com.offcn.mapper.TbSeckillOrderMapper">
  <resultMap id="BaseResultMap" type="com.offcn.pojo.TbSeckillOrder">
    <id column="id" jdbcType="BIGINT" property="id" />
    <result column="seckill_id" jdbcType="BIGINT" property="seckillId" />
    <result column="money" jdbcType="DECIMAL" property="money" />
    <result column="user_id" jdbcType="VARCHAR" property="userId" />
    <result column="seller_id" jdbcType="VARCHAR" property="sellerId" />
    <result column="create_time" jdbcType="TIMESTAMP" property="createTime" />
    <result column="pay_time" jdbcType="TIMESTAMP" property="payTime" />
    <result column="status" jdbcType="VARCHAR" property="status" />
    <result column="receiver_address" jdbcType="VARCHAR" property="receiverAddress" />
    <result column="receiver_mobile" jdbcType="VARCHAR" property="receiverMobile" />
    <result column="receiver" jdbcType="VARCHAR" property="receiver" />
    <result column="transaction_id" jdbcType="VARCHAR" property="transactionId" />
  </resultMap>
  <sql id="Example_Where_Clause">
    <where>
      <foreach collection="oredCriteria" item="criteria" separator="or">
        <if test="criteria.valid">
          <trim prefix="(" prefixOverrides="and" suffix=")">
            <foreach collection="criteria.criteria" item="criterion">
              <choose>
                <when test="criterion.noValue">
                  and ${criterion.condition}
                </when>
                <when test="criterion.singleValue">
                  and ${criterion.condition} #{criterion.value}
                </when>
                <when test="criterion.betweenValue">
                  and ${criterion.condition} #{criterion.value} and #{criterion.secondValue}
                </when>
                <when test="criterion.listValue">
                  and ${criterion.condition}
                  <foreach close=")" collection="criterion.value" item="listItem" open="(" separator=",">
                    #{listItem}
                  </foreach>
                </when>
              </choose>
            </foreach>
          </trim>
        </if>
      </foreach>
    </where>
  </sql>
  <sql id="Update_By_Example_Where_Clause">
    <where>
      <foreach collection="example.oredCriteria" item="criteria" separator="or">
        <if test="criteria.valid">
          <trim prefix="(" prefixOverrides="and" suffix=")">
            <foreach collection="criteria.criteria" item="criterion">
              <choose>
                <when test="criterion.noValue">
                  and ${criterion.condition}
                </when>
                <when test="criterion.singleValue">
                  and ${criterion.condition} #{criterion.value}
                </when>
                <when test="criterion.betweenValue">
                  and ${criterion.condition} #{criterion.value} and #{criterion.secondValue}
                </when>
                <when test="criterion.listValue">
                  and ${criterion.condition}
                  <foreach close=")" collection="criterion.value" item="listItem" open="(" separator=",">
                    #{listItem}
                  </foreach>
                </when>
              </choose>
            </foreach>
          </trim>
        </if>
      </foreach>
    </where>
  </sql>
  <sql id="Base_Column_List">
    id, seckill_id, money, user_id, seller_id, create_time, pay_time, status, receiver_address, 
    receiver_mobile, receiver, transaction_id
  </sql>
  <select id="selectByExample" parameterType="com.offcn.pojo.TbSeckillOrderExample" resultMap="BaseResultMap">
    select
    <if test="distinct">
      distinct
    </if>
    'true' as QUERYID,
    <include refid="Base_Column_List" />
    from tb_seckill_order
    <if test="_parameter != null">
      <include refid="Example_Where_Clause" />
    </if>
    <if test="orderByClause != null">
      order by ${orderByClause}
    </if>
  </select>
  <select id="selectByPrimaryKey" parameterType="java.lang.Long" resultMap="BaseResultMap">
    select 
    <include refid="Base_Column_List" />
    from tb_seckill_order
    where id = #{id,jdbcType=BIGINT}
  </select>
  <delete id="deleteByPrimaryKey" parameterType="java.lang.Long">
    delete from tb_seckill_order
    where id = #{id,jdbcType=BIGINT}
  </delete>
  <delete id="deleteByExample" parameterType="com.offcn.pojo.TbSeckillOrderExample">
    delete from tb_seckill_order
    <if test="_parameter != null">
      <include refid="Example_Where_Clause" />
    </if>
  </delete>
  <insert id="insert" parameterType="com.offcn.pojo.TbSeckillOrder">
    insert into tb_seckill_order (id, seckill_id, money, 
      user_id, seller_id, create_time, 
      pay_time, status, receiver_address, 
      receiver_mobile, receiver, transaction_id
      )
    values (#{id,jdbcType=BIGINT}, #{seckillId,jdbcType=BIGINT}, #{money,jdbcType=DECIMAL}, 
      #{userId,jdbcType=VARCHAR}, #{sellerId,jdbcType=VARCHAR}, #{createTime,jdbcType=TIMESTAMP}, 
      #{payTime,jdbcType=TIMESTAMP}, #{status,jdbcType=VARCHAR}, #{receiverAddress,jdbcType=VARCHAR}, 
      #{receiverMobile,jdbcType=VARCHAR}, #{receiver,jdbcType=VARCHAR}, #{transactionId,jdbcType=VARCHAR}
      )
  </insert>
  <insert id="insertSelective" parameterType="com.offcn.pojo.TbSeckillOrder">
    insert into tb_seckill_order
    <trim prefix="(" suffix=")" suffixOverrides=",">
      <if test="id != null">
        id,
      </if>
      <if test="seckillId != null">
        seckill_id,
      </if>
      <if test="money != null">
        money,
      </if>
      <if test="userId != null">
        user_id,
      </if>
      <if test="sellerId != null">
        seller_id,
      </if>
      <if test="createTime != null">
        create_time,
      </if>
      <if test="payTime != null">
        pay_time,
      </if>
      <if test="status != null">
        status,
      </if>
      <if test="receiverAddress != null">
        receiver_address,
      </if>
      <if test="receiverMobile != null">
        receiver_mobile,
      </if>
      <if test="receiver != null">
        receiver,
      </if>
      <if test="transactionId != null">
        transaction_id,
      </if>
    </trim>
    <trim prefix="values (" suffix=")" suffixOverrides=",">
      <if test="id != null">
        #{id,jdbcType=BIGINT},
      </if>
      <if test="seckillId != null">
        #{seckillId,jdbcType=BIGINT},
      </if>
      <if test="money != null">
        #{money,jdbcType=DECIMAL},
      </if>
      <if test="userId != null">
        #{userId,jdbcType=VARCHAR},
      </if>
      <if test="sellerId != null">
        #{sellerId,jdbcType=VARCHAR},
      </if>
      <if test="createTime != null">
        #{createTime,jdbcType=TIMESTAMP},
      </if>
      <if test="payTime != null">
        #{payTime,jdbcType=TIMESTAMP},
      </if>
      <if test="status != null">
        #{status,jdbcType=VARCHAR},
      </if>
      <if test="receiverAddress != null">
        #{receiverAddress,jdbcType=VARCHAR},
      </if>
      <if test="receiverMobile != null">
        #{receiverMobile,jdbcType=VARCHAR},
      </if>
      <if test="receiver != null">
        #{receiver,jdbcType=VARCHAR},
      </if>
      <if test="transactionId != null">
        #{transactionId,jdbcType=VARCHAR},
      </if>
    </trim>
  </insert>
  <select id="countByExample" parameterType="com.offcn.pojo.TbSeckillOrderExample" resultType="java.lang.Long">
    select count(*) from tb_seckill_order
    <if test="_parameter != null">
      <include refid="Example_Where_Clause" />
    </if>
  </select>
  <update id="updateByExampleSelective" parameterType="map">
    update tb_seckill_order
    <set>
      <if test="record.id != null">
        id = #{record.id,jdbcType=BIGINT},
      </if>
      <if test="record.seckillId != null">
        seckill_id = #{record.seckillId,jdbcType=BIGINT},
      </if>
      <if test="record.money != null">
        money = #{record.money,jdbcType=DECIMAL},
      </if>
      <if test="record.userId != null">
        user_id = #{record.userId,jdbcType=VARCHAR},
      </if>
      <if test="record.sellerId != null">
        seller_id = #{record.sellerId,jdbcType=VARCHAR},
      </if>
      <if test="record.createTime != null">
        create_time = #{record.createTime,jdbcType=TIMESTAMP},
      </if>
      <if test="record.payTime != null">
        pay_time = #{record.payTime,jdbcType=TIMESTAMP},
      </if>
      <if test="record.status != null">
        status = #{record.status,jdbcType=VARCHAR},
      </if>
      <if test="record.receiverAddress != null">
        receiver_address = #{record.receiverAddress,jdbcType=VARCHAR},
      </if>
      <if test="record.receiverMobile != null">
        receiver_mobile = #{record.receiverMobile,jdbcType=VARCHAR},
      </if>
      <if test="record.receiver != null">
        receiver = #{record.receiver,jdbcType=VARCHAR},
      </if>
      <if test="record.transactionId != null">
        transaction_id = #{record.transactionId,jdbcType=VARCHAR},
      </if>
    </set>
    <if test="_parameter != null">
      <include refid="Update_By_Example_Where_Clause" />
    </if>
  </update>
  <update id="updateByExample" parameterType="map">
    update tb_seckill_order
    set id = #{record.id,jdbcType=BIGINT},
      seckill_id = #{record.seckillId,jdbcType=BIGINT},
      money = #{record.money,jdbcType=DECIMAL},
      user_id = #{record.userId,jdbcType=VARCHAR},
      seller_id = #{record.sellerId,jdbcType=VARCHAR},
      create_time = #{record.createTime,jdbcType=TIMESTAMP},
      pay_time = #{record.payTime,jdbcType=TIMESTAMP},
      status = #{record.status,jdbcType=VARCHAR},
      receiver_address = #{record.receiverAddress,jdbcType=VARCHAR},
      receiver_mobile = #{record.receiverMobile,jdbcType=VARCHAR},
      receiver = #{record.receiver,jdbcType=VARCHAR},
      transaction_id = #{record.transactionId,jdbcType=VARCHAR}
    <if test="_parameter != null">
      <include refid="Update_By_Example_Where_Clause" />
    </if>
  </update>
  <update id="updateByPrimaryKeySelective" parameterType="com.offcn.pojo.TbSeckillOrder">
    update tb_seckill_order
    <set>
      <if test="seckillId != null">
        seckill_id = #{seckillId,jdbcType=BIGINT},
      </if>
      <if test="money != null">
        money = #{money,jdbcType=DECIMAL},
      </if>
      <if test="userId != null">
        user_id = #{userId,jdbcType=VARCHAR},
      </if>
      <if test="sellerId != null">
        seller_id = #{sellerId,jdbcType=VARCHAR},
      </if>
      <if test="createTime != null">
        create_time = #{createTime,jdbcType=TIMESTAMP},
      </if>
      <if test="payTime != null">
        pay_time = #{payTime,jdbcType=TIMESTAMP},
      </if>
      <if test="status != null">
        status = #{status,jdbcType=VARCHAR},
      </if>
      <if test="receiverAddress != null">
        receiver_address = #{receiverAddress,jdbcType=VARCHAR},
      </if>
      <if test="receiverMobile != null">
        receiver_mobile = #{receiverMobile,jdbcType=VARCHAR},
      </if>
      <if test="receiver != null">
        receiver = #{receiver,jdbcType=VARCHAR},
      </if>
      <if test="transactionId != null">
        transaction_id = #{transactionId,jdbcType=VARCHAR},
      </if>
    </set>
    where id = #{id,jdbcType=BIGINT}
  </update>
  <update id="updateByPrimaryKey" parameterType="com.offcn.pojo.TbSeckillOrder">
    update tb_seckill_order
    set seckill_id = #{seckillId,jdbcType=BIGINT},
      money = #{money,jdbcType=DECIMAL},
      user_id = #{userId,jdbcType=VARCHAR},
      seller_id = #{sellerId,jdbcType=VARCHAR},
      create_time = #{createTime,jdbcType=TIMESTAMP},
      pay_time = #{payTime,jdbcType=TIMESTAMP},
      status = #{status,jdbcType=VARCHAR},
      receiver_address = #{receiverAddress,jdbcType=VARCHAR},
      receiver_mobile = #{receiverMobile,jdbcType=VARCHAR},
      receiver = #{receiver,jdbcType=VARCHAR},
      transaction_id = #{transactionId,jdbcType=VARCHAR}
    where id = #{id,jdbcType=BIGINT}
  </update>
</mapper>