<?xml version="1.0" encoding="UTF-8"?>
<!DOCTYPE mapper PUBLIC "-//mybatis.org//DTD Mapper 3.0//EN" "http://mybatis.org/dtd/mybatis-3-mapper.dtd">
<mapper namespace="com.offcn.mapper.TbSeckillGoodsMapper">
  <resultMap id="BaseResultMap" type="com.offcn.pojo.TbSeckillGoods">
    <id column="id" jdbcType="BIGINT" property="id" />
    <result column="goods_id" jdbcType="BIGINT" property="goodsId" />
    <result column="item_id" jdbcType="BIGINT" property="itemId" />
    <result column="title" jdbcType="VARCHAR" property="title" />
    <result column="small_pic" jdbcType="VARCHAR" property="smallPic" />
    <result column="price" jdbcType="DECIMAL" property="price" />
    <result column="cost_price" jdbcType="DECIMAL" property="costPrice" />
    <result column="seller_id" jdbcType="VARCHAR" property="sellerId" />
    <result column="create_time" jdbcType="TIMESTAMP" property="createTime" />
    <result column="check_time" jdbcType="TIMESTAMP" property="checkTime" />
    <result column="status" jdbcType="VARCHAR" property="status" />
    <result column="start_time" jdbcType="TIMESTAMP" property="startTime" />
    <result column="end_time" jdbcType="TIMESTAMP" property="endTime" />
    <result column="num" jdbcType="INTEGER" property="num" />
    <result column="stock_count" jdbcType="INTEGER" property="stockCount" />
    <result column="introduction" jdbcType="VARCHAR" property="introduction" />
  </resultMap>
  <sql id="Example_Where_Clause">
    <where>
      <foreach collection="oredCriteria" item="criteria" separator="or">
        <if test="criteria.valid">
          <trim prefix="(" prefixOverrides="and" suffix=")">
            <foreach collection="criteria.criteria" item="criterion">
              <choose>
                <when test="criterion.noValue">
                  and ${criterion.condition}
                </when>
                <when test="criterion.singleValue">
                  and ${criterion.condition} #{criterion.value}
                </when>
                <when test="criterion.betweenValue">
                  and ${criterion.condition} #{criterion.value} and #{criterion.secondValue}
                </when>
                <when test="criterion.listValue">
                  and ${criterion.condition}
                  <foreach close=")" collection="criterion.value" item="listItem" open="(" separator=",">
                    #{listItem}
                  </foreach>
                </when>
              </choose>
            </foreach>
          </trim>
        </if>
      </foreach>
    </where>
  </sql>
  <sql id="Update_By_Example_Where_Clause">
    <where>
      <foreach collection="example.oredCriteria" item="criteria" separator="or">
        <if test="criteria.valid">
          <trim prefix="(" prefixOverrides="and" suffix=")">
            <foreach collection="criteria.criteria" item="criterion">
              <choose>
                <when test="criterion.noValue">
                  and ${criterion.condition}
                </when>
                <when test="criterion.singleValue">
                  and ${criterion.condition} #{criterion.value}
                </when>
                <when test="criterion.betweenValue">
                  and ${criterion.condition} #{criterion.value} and #{criterion.secondValue}
                </when>
                <when test="criterion.listValue">
                  and ${criterion.condition}
                  <foreach close=")" collection="criterion.value" item="listItem" open="(" separator=",">
                    #{listItem}
                  </foreach>
                </when>
              </choose>
            </foreach>
          </trim>
        </if>
      </foreach>
    </where>
  </sql>
  <sql id="Base_Column_List">
    id, goods_id, item_id, title, small_pic, price, cost_price, seller_id, create_time, 
    check_time, status, start_time, end_time, num, stock_count, introduction
  </sql>
  <select id="selectByExample" parameterType="com.offcn.pojo.TbSeckillGoodsExample" resultMap="BaseResultMap">
    select
    <if test="distinct">
      distinct
    </if>
    'true' as QUERYID,
    <include refid="Base_Column_List" />
    from tb_seckill_goods
    <if test="_parameter != null">
      <include refid="Example_Where_Clause" />
    </if>
    <if test="orderByClause != null">
      order by ${orderByClause}
    </if>
  </select>
  <select id="selectByPrimaryKey" parameterType="java.lang.Long" resultMap="BaseResultMap">
    select 
    <include refid="Base_Column_List" />
    from tb_seckill_goods
    where id = #{id,jdbcType=BIGINT}
  </select>
  <delete id="deleteByPrimaryKey" parameterType="java.lang.Long">
    delete from tb_seckill_goods
    where id = #{id,jdbcType=BIGINT}
  </delete>
  <delete id="deleteByExample" parameterType="com.offcn.pojo.TbSeckillGoodsExample">
    delete from tb_seckill_goods
    <if test="_parameter != null">
      <include refid="Example_Where_Clause" />
    </if>
  </delete>
  <insert id="insert" parameterType="com.offcn.pojo.TbSeckillGoods">
    insert into tb_seckill_goods (id, goods_id, item_id, 
      title, small_pic, price, 
      cost_price, seller_id, create_time, 
      check_time, status, start_time, 
      end_time, num, stock_count, 
      introduction)
    values (#{id,jdbcType=BIGINT}, #{goodsId,jdbcType=BIGINT}, #{itemId,jdbcType=BIGINT}, 
      #{title,jdbcType=VARCHAR}, #{smallPic,jdbcType=VARCHAR}, #{price,jdbcType=DECIMAL}, 
      #{costPrice,jdbcType=DECIMAL}, #{sellerId,jdbcType=VARCHAR}, #{createTime,jdbcType=TIMESTAMP}, 
      #{checkTime,jdbcType=TIMESTAMP}, #{status,jdbcType=VARCHAR}, #{startTime,jdbcType=TIMESTAMP}, 
      #{endTime,jdbcType=TIMESTAMP}, #{num,jdbcType=INTEGER}, #{stockCount,jdbcType=INTEGER}, 
      #{introduction,jdbcType=VARCHAR})
  </insert>
  <insert id="insertSelective" parameterType="com.offcn.pojo.TbSeckillGoods">
    insert into tb_seckill_goods
    <trim prefix="(" suffix=")" suffixOverrides=",">
      <if test="id != null">
        id,
      </if>
      <if test="goodsId != null">
        goods_id,
      </if>
      <if test="itemId != null">
        item_id,
      </if>
      <if test="title != null">
        title,
      </if>
      <if test="smallPic != null">
        small_pic,
      </if>
      <if test="price != null">
        price,
      </if>
      <if test="costPrice != null">
        cost_price,
      </if>
      <if test="sellerId != null">
        seller_id,
      </if>
      <if test="createTime != null">
        create_time,
      </if>
      <if test="checkTime != null">
        check_time,
      </if>
      <if test="status != null">
        status,
      </if>
      <if test="startTime != null">
        start_time,
      </if>
      <if test="endTime != null">
        end_time,
      </if>
      <if test="num != null">
        num,
      </if>
      <if test="stockCount != null">
        stock_count,
      </if>
      <if test="introduction != null">
        introduction,
      </if>
    </trim>
    <trim prefix="values (" suffix=")" suffixOverrides=",">
      <if test="id != null">
        #{id,jdbcType=BIGINT},
      </if>
      <if test="goodsId != null">
        #{goodsId,jdbcType=BIGINT},
      </if>
      <if test="itemId != null">
        #{itemId,jdbcType=BIGINT},
      </if>
      <if test="title != null">
        #{title,jdbcType=VARCHAR},
      </if>
      <if test="smallPic != null">
        #{smallPic,jdbcType=VARCHAR},
      </if>
      <if test="price != null">
        #{price,jdbcType=DECIMAL},
      </if>
      <if test="costPrice != null">
        #{costPrice,jdbcType=DECIMAL},
      </if>
      <if test="sellerId != null">
        #{sellerId,jdbcType=VARCHAR},
      </if>
      <if test="createTime != null">
        #{createTime,jdbcType=TIMESTAMP},
      </if>
      <if test="checkTime != null">
        #{checkTime,jdbcType=TIMESTAMP},
      </if>
      <if test="status != null">
        #{status,jdbcType=VARCHAR},
      </if>
      <if test="startTime != null">
        #{startTime,jdbcType=TIMESTAMP},
      </if>
      <if test="endTime != null">
        #{endTime,jdbcType=TIMESTAMP},
      </if>
      <if test="num != null">
        #{num,jdbcType=INTEGER},
      </if>
      <if test="stockCount != null">
        #{stockCount,jdbcType=INTEGER},
      </if>
      <if test="introduction != null">
        #{introduction,jdbcType=VARCHAR},
      </if>
    </trim>
  </insert>
  <select id="countByExample" parameterType="com.offcn.pojo.TbSeckillGoodsExample" resultType="java.lang.Long">
    select count(*) from tb_seckill_goods
    <if test="_parameter != null">
      <include refid="Example_Where_Clause" />
    </if>
  </select>
  <update id="updateByExampleSelective" parameterType="map">
    update tb_seckill_goods
    <set>
      <if test="record.id != null">
        id = #{record.id,jdbcType=BIGINT},
      </if>
      <if test="record.goodsId != null">
        goods_id = #{record.goodsId,jdbcType=BIGINT},
      </if>
      <if test="record.itemId != null">
        item_id = #{record.itemId,jdbcType=BIGINT},
      </if>
      <if test="record.title != null">
        title = #{record.title,jdbcType=VARCHAR},
      </if>
      <if test="record.smallPic != null">
        small_pic = #{record.smallPic,jdbcType=VARCHAR},
      </if>
      <if test="record.price != null">
        price = #{record.price,jdbcType=DECIMAL},
      </if>
      <if test="record.costPrice != null">
        cost_price = #{record.costPrice,jdbcType=DECIMAL},
      </if>
      <if test="record.sellerId != null">
        seller_id = #{record.sellerId,jdbcType=VARCHAR},
      </if>
      <if test="record.createTime != null">
        create_time = #{record.createTime,jdbcType=TIMESTAMP},
      </if>
      <if test="record.checkTime != null">
        check_time = #{record.checkTime,jdbcType=TIMESTAMP},
      </if>
      <if test="record.status != null">
        status = #{record.status,jdbcType=VARCHAR},
      </if>
      <if test="record.startTime != null">
        start_time = #{record.startTime,jdbcType=TIMESTAMP},
      </if>
      <if test="record.endTime != null">
        end_time = #{record.endTime,jdbcType=TIMESTAMP},
      </if>
      <if test="record.num != null">
        num = #{record.num,jdbcType=INTEGER},
      </if>
      <if test="record.stockCount != null">
        stock_count = #{record.stockCount,jdbcType=INTEGER},
      </if>
      <if test="record.introduction != null">
        introduction = #{record.introduction,jdbcType=VARCHAR},
      </if>
    </set>
    <if test="_parameter != null">
      <include refid="Update_By_Example_Where_Clause" />
    </if>
  </update>
  <update id="updateByExample" parameterType="map">
    update tb_seckill_goods
    set id = #{record.id,jdbcType=BIGINT},
      goods_id = #{record.goodsId,jdbcType=BIGINT},
      item_id = #{record.itemId,jdbcType=BIGINT},
      title = #{record.title,jdbcType=VARCHAR},
      small_pic = #{record.smallPic,jdbcType=VARCHAR},
      price = #{record.price,jdbcType=DECIMAL},
      cost_price = #{record.costPrice,jdbcType=DECIMAL},
      seller_id = #{record.sellerId,jdbcType=VARCHAR},
      create_time = #{record.createTime,jdbcType=TIMESTAMP},
      check_time = #{record.checkTime,jdbcType=TIMESTAMP},
      status = #{record.status,jdbcType=VARCHAR},
      start_time = #{record.startTime,jdbcType=TIMESTAMP},
      end_time = #{record.endTime,jdbcType=TIMESTAMP},
      num = #{record.num,jdbcType=INTEGER},
      stock_count = #{record.stockCount,jdbcType=INTEGER},
      introduction = #{record.introduction,jdbcType=VARCHAR}
    <if test="_parameter != null">
      <include refid="Update_By_Example_Where_Clause" />
    </if>
  </update>
  <update id="updateByPrimaryKeySelective" parameterType="com.offcn.pojo.TbSeckillGoods">
    update tb_seckill_goods
    <set>
      <if test="goodsId != null">
        goods_id = #{goodsId,jdbcType=BIGINT},
      </if>
      <if test="itemId != null">
        item_id = #{itemId,jdbcType=BIGINT},
      </if>
      <if test="title != null">
        title = #{title,jdbcType=VARCHAR},
      </if>
      <if test="smallPic != null">
        small_pic = #{smallPic,jdbcType=VARCHAR},
      </if>
      <if test="price != null">
        price = #{price,jdbcType=DECIMAL},
      </if>
      <if test="costPrice != null">
        cost_price = #{costPrice,jdbcType=DECIMAL},
      </if>
      <if test="sellerId != null">
        seller_id = #{sellerId,jdbcType=VARCHAR},
      </if>
      <if test="createTime != null">
        create_time = #{createTime,jdbcType=TIMESTAMP},
      </if>
      <if test="checkTime != null">
        check_time = #{checkTime,jdbcType=TIMESTAMP},
      </if>
      <if test="status != null">
        status = #{status,jdbcType=VARCHAR},
      </if>
      <if test="startTime != null">
        start_time = #{startTime,jdbcType=TIMESTAMP},
      </if>
      <if test="endTime != null">
        end_time = #{endTime,jdbcType=TIMESTAMP},
      </if>
      <if test="num != null">
        num = #{num,jdbcType=INTEGER},
      </if>
      <if test="stockCount != null">
        stock_count = #{stockCount,jdbcType=INTEGER},
      </if>
      <if test="introduction != null">
        introduction = #{introduction,jdbcType=VARCHAR},
      </if>
    </set>
    where id = #{id,jdbcType=BIGINT}
  </update>
  <update id="updateByPrimaryKey" parameterType="com.offcn.pojo.TbSeckillGoods">
    update tb_seckill_goods
    set goods_id = #{goodsId,jdbcType=BIGINT},
      item_id = #{itemId,jdbcType=BIGINT},
      title = #{title,jdbcType=VARCHAR},
      small_pic = #{smallPic,jdbcType=VARCHAR},
      price = #{price,jdbcType=DECIMAL},
      cost_price = #{costPrice,jdbcType=DECIMAL},
      seller_id = #{sellerId,jdbcType=VARCHAR},
      create_time = #{createTime,jdbcType=TIMESTAMP},
      check_time = #{checkTime,jdbcType=TIMESTAMP},
      status = #{status,jdbcType=VARCHAR},
      start_time = #{startTime,jdbcType=TIMESTAMP},
      end_time = #{endTime,jdbcType=TIMESTAMP},
      num = #{num,jdbcType=INTEGER},
      stock_count = #{stockCount,jdbcType=INTEGER},
      introduction = #{introduction,jdbcType=VARCHAR}
    where id = #{id,jdbcType=BIGINT}
  </update>
</mapper>