<?xml version="1.0" encoding="UTF-8"?>
<!DOCTYPE mapper PUBLIC "-//mybatis.org//DTD Mapper 3.0//EN" "http://mybatis.org/dtd/mybatis-3-mapper.dtd">
<mapper namespace="com.offcn.mapper.TbSpecificationOptionMapper">
  <resultMap id="BaseResultMap" type="com.offcn.pojo.TbSpecificationOption">
    <id column="id" jdbcType="BIGINT" property="id" />
    <result column="option_name" jdbcType="VARCHAR" property="optionName" />
    <result column="spec_id" jdbcType="BIGINT" property="specId" />
    <result column="orders" jdbcType="INTEGER" property="orders" />
  </resultMap>
  <sql id="Example_Where_Clause">
    <where>
      <foreach collection="oredCriteria" item="criteria" separator="or">
        <if test="criteria.valid">
          <trim prefix="(" prefixOverrides="and" suffix=")">
            <foreach collection="criteria.criteria" item="criterion">
              <choose>
                <when test="criterion.noValue">
                  and ${criterion.condition}
                </when>
                <when test="criterion.singleValue">
                  and ${criterion.condition} #{criterion.value}
                </when>
                <when test="criterion.betweenValue">
                  and ${criterion.condition} #{criterion.value} and #{criterion.secondValue}
                </when>
                <when test="criterion.listValue">
                  and ${criterion.condition}
                  <foreach close=")" collection="criterion.value" item="listItem" open="(" separator=",">
                    #{listItem}
                  </foreach>
                </when>
              </choose>
            </foreach>
          </trim>
        </if>
      </foreach>
    </where>
  </sql>
  <sql id="Update_By_Example_Where_Clause">
    <where>
      <foreach collection="example.oredCriteria" item="criteria" separator="or">
        <if test="criteria.valid">
          <trim prefix="(" prefixOverrides="and" suffix=")">
            <foreach collection="criteria.criteria" item="criterion">
              <choose>
                <when test="criterion.noValue">
                  and ${criterion.condition}
                </when>
                <when test="criterion.singleValue">
                  and ${criterion.condition} #{criterion.value}
                </when>
                <when test="criterion.betweenValue">
                  and ${criterion.condition} #{criterion.value} and #{criterion.secondValue}
                </when>
                <when test="criterion.listValue">
                  and ${criterion.condition}
                  <foreach close=")" collection="criterion.value" item="listItem" open="(" separator=",">
                    #{listItem}
                  </foreach>
                </when>
              </choose>
            </foreach>
          </trim>
        </if>
      </foreach>
    </where>
  </sql>
  <sql id="Base_Column_List">
    id, option_name, spec_id, orders
  </sql>
  <select id="selectByExample" parameterType="com.offcn.pojo.TbSpecificationOptionExample" resultMap="BaseResultMap">
    select
    <if test="distinct">
      distinct
    </if>
    'true' as QUERYID,
    <include refid="Base_Column_List" />
    from tb_specification_option
    <if test="_parameter != null">
      <include refid="Example_Where_Clause" />
    </if>
    <if test="orderByClause != null">
      order by ${orderByClause}
    </if>
  </select>
  <select id="selectByPrimaryKey" parameterType="java.lang.Long" resultMap="BaseResultMap">
    select 
    <include refid="Base_Column_List" />
    from tb_specification_option
    where id = #{id,jdbcType=BIGINT}
  </select>
  <delete id="deleteByPrimaryKey" parameterType="java.lang.Long">
    delete from tb_specification_option
    where id = #{id,jdbcType=BIGINT}
  </delete>
  <delete id="deleteByExample" parameterType="com.offcn.pojo.TbSpecificationOptionExample">
    delete from tb_specification_option
    <if test="_parameter != null">
      <include refid="Example_Where_Clause" />
    </if>
  </delete>
  <insert id="insert" parameterType="com.offcn.pojo.TbSpecificationOption">
    insert into tb_specification_option (id, option_name, spec_id, 
      orders)
    values (#{id,jdbcType=BIGINT}, #{optionName,jdbcType=VARCHAR}, #{specId,jdbcType=BIGINT}, 
      #{orders,jdbcType=INTEGER})
  </insert>
  <insert id="insertSelective" parameterType="com.offcn.pojo.TbSpecificationOption">
    insert into tb_specification_option
    <trim prefix="(" suffix=")" suffixOverrides=",">
      <if test="id != null">
        id,
      </if>
      <if test="optionName != null">
        option_name,
      </if>
      <if test="specId != null">
        spec_id,
      </if>
      <if test="orders != null">
        orders,
      </if>
    </trim>
    <trim prefix="values (" suffix=")" suffixOverrides=",">
      <if test="id != null">
        #{id,jdbcType=BIGINT},
      </if>
      <if test="optionName != null">
        #{optionName,jdbcType=VARCHAR},
      </if>
      <if test="specId != null">
        #{specId,jdbcType=BIGINT},
      </if>
      <if test="orders != null">
        #{orders,jdbcType=INTEGER},
      </if>
    </trim>
  </insert>
  <select id="countByExample" parameterType="com.offcn.pojo.TbSpecificationOptionExample" resultType="java.lang.Long">
    select count(*) from tb_specification_option
    <if test="_parameter != null">
      <include refid="Example_Where_Clause" />
    </if>
  </select>
  <update id="updateByExampleSelective" parameterType="map">
    update tb_specification_option
    <set>
      <if test="record.id != null">
        id = #{record.id,jdbcType=BIGINT},
      </if>
      <if test="record.optionName != null">
        option_name = #{record.optionName,jdbcType=VARCHAR},
      </if>
      <if test="record.specId != null">
        spec_id = #{record.specId,jdbcType=BIGINT},
      </if>
      <if test="record.orders != null">
        orders = #{record.orders,jdbcType=INTEGER},
      </if>
    </set>
    <if test="_parameter != null">
      <include refid="Update_By_Example_Where_Clause" />
    </if>
  </update>
  <update id="updateByExample" parameterType="map">
    update tb_specification_option
    set id = #{record.id,jdbcType=BIGINT},
      option_name = #{record.optionName,jdbcType=VARCHAR},
      spec_id = #{record.specId,jdbcType=BIGINT},
      orders = #{record.orders,jdbcType=INTEGER}
    <if test="_parameter != null">
      <include refid="Update_By_Example_Where_Clause" />
    </if>
  </update>
  <update id="updateByPrimaryKeySelective" parameterType="com.offcn.pojo.TbSpecificationOption">
    update tb_specification_option
    <set>
      <if test="optionName != null">
        option_name = #{optionName,jdbcType=VARCHAR},
      </if>
      <if test="specId != null">
        spec_id = #{specId,jdbcType=BIGINT},
      </if>
      <if test="orders != null">
        orders = #{orders,jdbcType=INTEGER},
      </if>
    </set>
    where id = #{id,jdbcType=BIGINT}
  </update>
  <update id="updateByPrimaryKey" parameterType="com.offcn.pojo.TbSpecificationOption">
    update tb_specification_option
    set option_name = #{optionName,jdbcType=VARCHAR},
      spec_id = #{specId,jdbcType=BIGINT},
      orders = #{orders,jdbcType=INTEGER}
    where id = #{id,jdbcType=BIGINT}
  </update>
</mapper>