<?xml version="1.0" encoding="UTF-8"?>
<!DOCTYPE mapper PUBLIC "-//mybatis.org//DTD Mapper 3.0//EN" "http://mybatis.org/dtd/mybatis-3-mapper.dtd">
<mapper namespace="com.offcn.mapper.TbTypeTemplateMapper">
  <resultMap id="BaseResultMap" type="com.offcn.pojo.TbTypeTemplate">
    <id column="id" jdbcType="BIGINT" property="id" />
    <result column="name" jdbcType="VARCHAR" property="name" />
    <result column="spec_ids" jdbcType="VARCHAR" property="specIds" />
    <result column="brand_ids" jdbcType="VARCHAR" property="brandIds" />
    <result column="custom_attribute_items" jdbcType="VARCHAR" property="customAttributeItems" />
  </resultMap>
  <sql id="Example_Where_Clause">
    <where>
      <foreach collection="oredCriteria" item="criteria" separator="or">
        <if test="criteria.valid">
          <trim prefix="(" prefixOverrides="and" suffix=")">
            <foreach collection="criteria.criteria" item="criterion">
              <choose>
                <when test="criterion.noValue">
                  and ${criterion.condition}
                </when>
                <when test="criterion.singleValue">
                  and ${criterion.condition} #{criterion.value}
                </when>
                <when test="criterion.betweenValue">
                  and ${criterion.condition} #{criterion.value} and #{criterion.secondValue}
                </when>
                <when test="criterion.listValue">
                  and ${criterion.condition}
                  <foreach close=")" collection="criterion.value" item="listItem" open="(" separator=",">
                    #{listItem}
                  </foreach>
                </when>
              </choose>
            </foreach>
          </trim>
        </if>
      </foreach>
    </where>
  </sql>
  <sql id="Update_By_Example_Where_Clause">
    <where>
      <foreach collection="example.oredCriteria" item="criteria" separator="or">
        <if test="criteria.valid">
          <trim prefix="(" prefixOverrides="and" suffix=")">
            <foreach collection="criteria.criteria" item="criterion">
              <choose>
                <when test="criterion.noValue">
                  and ${criterion.condition}
                </when>
                <when test="criterion.singleValue">
                  and ${criterion.condition} #{criterion.value}
                </when>
                <when test="criterion.betweenValue">
                  and ${criterion.condition} #{criterion.value} and #{criterion.secondValue}
                </when>
                <when test="criterion.listValue">
                  and ${criterion.condition}
                  <foreach close=")" collection="criterion.value" item="listItem" open="(" separator=",">
                    #{listItem}
                  </foreach>
                </when>
              </choose>
            </foreach>
          </trim>
        </if>
      </foreach>
    </where>
  </sql>
  <sql id="Base_Column_List">
    id, name, spec_ids, brand_ids, custom_attribute_items
  </sql>
  <select id="selectByExample" parameterType="com.offcn.pojo.TbTypeTemplateExample" resultMap="BaseResultMap">
    select
    <if test="distinct">
      distinct
    </if>
    'true' as QUERYID,
    <include refid="Base_Column_List" />
    from tb_type_template
    <if test="_parameter != null">
      <include refid="Example_Where_Clause" />
    </if>
    <if test="orderByClause != null">
      order by ${orderByClause}
    </if>
  </select>
  <select id="selectByPrimaryKey" parameterType="java.lang.Long" resultMap="BaseResultMap">
    select 
    <include refid="Base_Column_List" />
    from tb_type_template
    where id = #{id,jdbcType=BIGINT}
  </select>
  <delete id="deleteByPrimaryKey" parameterType="java.lang.Long">
    delete from tb_type_template
    where id = #{id,jdbcType=BIGINT}
  </delete>
  <delete id="deleteByExample" parameterType="com.offcn.pojo.TbTypeTemplateExample">
    delete from tb_type_template
    <if test="_parameter != null">
      <include refid="Example_Where_Clause" />
    </if>
  </delete>
  <insert id="insert" parameterType="com.offcn.pojo.TbTypeTemplate">
    insert into tb_type_template (id, name, spec_ids, 
      brand_ids, custom_attribute_items)
    values (#{id,jdbcType=BIGINT}, #{name,jdbcType=VARCHAR}, #{specIds,jdbcType=VARCHAR}, 
      #{brandIds,jdbcType=VARCHAR}, #{customAttributeItems,jdbcType=VARCHAR})
  </insert>
  <insert id="insertSelective" parameterType="com.offcn.pojo.TbTypeTemplate">
    insert into tb_type_template
    <trim prefix="(" suffix=")" suffixOverrides=",">
      <if test="id != null">
        id,
      </if>
      <if test="name != null">
        name,
      </if>
      <if test="specIds != null">
        spec_ids,
      </if>
      <if test="brandIds != null">
        brand_ids,
      </if>
      <if test="customAttributeItems != null">
        custom_attribute_items,
      </if>
    </trim>
    <trim prefix="values (" suffix=")" suffixOverrides=",">
      <if test="id != null">
        #{id,jdbcType=BIGINT},
      </if>
      <if test="name != null">
        #{name,jdbcType=VARCHAR},
      </if>
      <if test="specIds != null">
        #{specIds,jdbcType=VARCHAR},
      </if>
      <if test="brandIds != null">
        #{brandIds,jdbcType=VARCHAR},
      </if>
      <if test="customAttributeItems != null">
        #{customAttributeItems,jdbcType=VARCHAR},
      </if>
    </trim>
  </insert>
  <select id="countByExample" parameterType="com.offcn.pojo.TbTypeTemplateExample" resultType="java.lang.Long">
    select count(*) from tb_type_template
    <if test="_parameter != null">
      <include refid="Example_Where_Clause" />
    </if>
  </select>
  <update id="updateByExampleSelective" parameterType="map">
    update tb_type_template
    <set>
      <if test="record.id != null">
        id = #{record.id,jdbcType=BIGINT},
      </if>
      <if test="record.name != null">
        name = #{record.name,jdbcType=VARCHAR},
      </if>
      <if test="record.specIds != null">
        spec_ids = #{record.specIds,jdbcType=VARCHAR},
      </if>
      <if test="record.brandIds != null">
        brand_ids = #{record.brandIds,jdbcType=VARCHAR},
      </if>
      <if test="record.customAttributeItems != null">
        custom_attribute_items = #{record.customAttributeItems,jdbcType=VARCHAR},
      </if>
    </set>
    <if test="_parameter != null">
      <include refid="Update_By_Example_Where_Clause" />
    </if>
  </update>
  <update id="updateByExample" parameterType="map">
    update tb_type_template
    set id = #{record.id,jdbcType=BIGINT},
      name = #{record.name,jdbcType=VARCHAR},
      spec_ids = #{record.specIds,jdbcType=VARCHAR},
      brand_ids = #{record.brandIds,jdbcType=VARCHAR},
      custom_attribute_items = #{record.customAttributeItems,jdbcType=VARCHAR}
    <if test="_parameter != null">
      <include refid="Update_By_Example_Where_Clause" />
    </if>
  </update>
  <update id="updateByPrimaryKeySelective" parameterType="com.offcn.pojo.TbTypeTemplate">
    update tb_type_template
    <set>
      <if test="name != null">
        name = #{name,jdbcType=VARCHAR},
      </if>
      <if test="specIds != null">
        spec_ids = #{specIds,jdbcType=VARCHAR},
      </if>
      <if test="brandIds != null">
        brand_ids = #{brandIds,jdbcType=VARCHAR},
      </if>
      <if test="customAttributeItems != null">
        custom_attribute_items = #{customAttributeItems,jdbcType=VARCHAR},
      </if>
    </set>
    where id = #{id,jdbcType=BIGINT}
  </update>
  <update id="updateByPrimaryKey" parameterType="com.offcn.pojo.TbTypeTemplate">
    update tb_type_template
    set name = #{name,jdbcType=VARCHAR},
      spec_ids = #{specIds,jdbcType=VARCHAR},
      brand_ids = #{brandIds,jdbcType=VARCHAR},
      custom_attribute_items = #{customAttributeItems,jdbcType=VARCHAR}
    where id = #{id,jdbcType=BIGINT}
  </update>
</mapper>