<?xml version="1.0" encoding="UTF-8"?>
<!DOCTYPE mapper PUBLIC "-//mybatis.org//DTD Mapper 3.0//EN" "http://mybatis.org/dtd/mybatis-3-mapper.dtd">
<mapper namespace="com.offcn.mapper.TbUserMapper">
  <resultMap id="BaseResultMap" type="com.offcn.pojo.TbUser">
    <id column="id" jdbcType="BIGINT" property="id" />
    <result column="username" jdbcType="VARCHAR" property="username" />
    <result column="password" jdbcType="VARCHAR" property="password" />
    <result column="phone" jdbcType="VARCHAR" property="phone" />
    <result column="email" jdbcType="VARCHAR" property="email" />
    <result column="created" jdbcType="TIMESTAMP" property="created" />
    <result column="updated" jdbcType="TIMESTAMP" property="updated" />
    <result column="source_type" jdbcType="VARCHAR" property="sourceType" />
    <result column="nick_name" jdbcType="VARCHAR" property="nickName" />
    <result column="name" jdbcType="VARCHAR" property="name" />
    <result column="status" jdbcType="VARCHAR" property="status" />
    <result column="head_pic" jdbcType="VARCHAR" property="headPic" />
    <result column="qq" jdbcType="VARCHAR" property="qq" />
    <result column="account_balance" jdbcType="DECIMAL" property="accountBalance" />
    <result column="is_mobile_check" jdbcType="VARCHAR" property="isMobileCheck" />
    <result column="is_email_check" jdbcType="VARCHAR" property="isEmailCheck" />
    <result column="sex" jdbcType="VARCHAR" property="sex" />
    <result column="user_level" jdbcType="INTEGER" property="userLevel" />
    <result column="points" jdbcType="INTEGER" property="points" />
    <result column="experience_value" jdbcType="INTEGER" property="experienceValue" />
    <result column="birthday" jdbcType="TIMESTAMP" property="birthday" />
    <result column="last_login_time" jdbcType="TIMESTAMP" property="lastLoginTime" />
  </resultMap>
  <sql id="Example_Where_Clause">
    <where>
      <foreach collection="oredCriteria" item="criteria" separator="or">
        <if test="criteria.valid">
          <trim prefix="(" prefixOverrides="and" suffix=")">
            <foreach collection="criteria.criteria" item="criterion">
              <choose>
                <when test="criterion.noValue">
                  and ${criterion.condition}
                </when>
                <when test="criterion.singleValue">
                  and ${criterion.condition} #{criterion.value}
                </when>
                <when test="criterion.betweenValue">
                  and ${criterion.condition} #{criterion.value} and #{criterion.secondValue}
                </when>
                <when test="criterion.listValue">
                  and ${criterion.condition}
                  <foreach close=")" collection="criterion.value" item="listItem" open="(" separator=",">
                    #{listItem}
                  </foreach>
                </when>
              </choose>
            </foreach>
          </trim>
        </if>
      </foreach>
    </where>
  </sql>
  <sql id="Update_By_Example_Where_Clause">
    <where>
      <foreach collection="example.oredCriteria" item="criteria" separator="or">
        <if test="criteria.valid">
          <trim prefix="(" prefixOverrides="and" suffix=")">
            <foreach collection="criteria.criteria" item="criterion">
              <choose>
                <when test="criterion.noValue">
                  and ${criterion.condition}
                </when>
                <when test="criterion.singleValue">
                  and ${criterion.condition} #{criterion.value}
                </when>
                <when test="criterion.betweenValue">
                  and ${criterion.condition} #{criterion.value} and #{criterion.secondValue}
                </when>
                <when test="criterion.listValue">
                  and ${criterion.condition}
                  <foreach close=")" collection="criterion.value" item="listItem" open="(" separator=",">
                    #{listItem}
                  </foreach>
                </when>
              </choose>
            </foreach>
          </trim>
        </if>
      </foreach>
    </where>
  </sql>
  <sql id="Base_Column_List">
    id, username, password, phone, email, created, updated, source_type, nick_name, name, 
    status, head_pic, qq, account_balance, is_mobile_check, is_email_check, sex, user_level, 
    points, experience_value, birthday, last_login_time
  </sql>
  <select id="selectByExample" parameterType="com.offcn.pojo.TbUserExample" resultMap="BaseResultMap">
    select
    <if test="distinct">
      distinct
    </if>
    'true' as QUERYID,
    <include refid="Base_Column_List" />
    from tb_user
    <if test="_parameter != null">
      <include refid="Example_Where_Clause" />
    </if>
    <if test="orderByClause != null">
      order by ${orderByClause}
    </if>
  </select>
  <select id="selectByPrimaryKey" parameterType="java.lang.Long" resultMap="BaseResultMap">
    select 
    <include refid="Base_Column_List" />
    from tb_user
    where id = #{id,jdbcType=BIGINT}
  </select>
  <delete id="deleteByPrimaryKey" parameterType="java.lang.Long">
    delete from tb_user
    where id = #{id,jdbcType=BIGINT}
  </delete>
  <delete id="deleteByExample" parameterType="com.offcn.pojo.TbUserExample">
    delete from tb_user
    <if test="_parameter != null">
      <include refid="Example_Where_Clause" />
    </if>
  </delete>
  <insert id="insert" parameterType="com.offcn.pojo.TbUser">
    insert into tb_user (id, username, password, 
      phone, email, created, 
      updated, source_type, nick_name, 
      name, status, head_pic, 
      qq, account_balance, is_mobile_check, 
      is_email_check, sex, user_level, 
      points, experience_value, birthday, 
      last_login_time)
    values (#{id,jdbcType=BIGINT}, #{username,jdbcType=VARCHAR}, #{password,jdbcType=VARCHAR}, 
      #{phone,jdbcType=VARCHAR}, #{email,jdbcType=VARCHAR}, #{created,jdbcType=TIMESTAMP}, 
      #{updated,jdbcType=TIMESTAMP}, #{sourceType,jdbcType=VARCHAR}, #{nickName,jdbcType=VARCHAR}, 
      #{name,jdbcType=VARCHAR}, #{status,jdbcType=VARCHAR}, #{headPic,jdbcType=VARCHAR}, 
      #{qq,jdbcType=VARCHAR}, #{accountBalance,jdbcType=DECIMAL}, #{isMobileCheck,jdbcType=VARCHAR}, 
      #{isEmailCheck,jdbcType=VARCHAR}, #{sex,jdbcType=VARCHAR}, #{userLevel,jdbcType=INTEGER}, 
      #{points,jdbcType=INTEGER}, #{experienceValue,jdbcType=INTEGER}, #{birthday,jdbcType=TIMESTAMP}, 
      #{lastLoginTime,jdbcType=TIMESTAMP})
  </insert>
  <insert id="insertSelective" parameterType="com.offcn.pojo.TbUser">
    insert into tb_user
    <trim prefix="(" suffix=")" suffixOverrides=",">
      <if test="id != null">
        id,
      </if>
      <if test="username != null">
        username,
      </if>
      <if test="password != null">
        password,
      </if>
      <if test="phone != null">
        phone,
      </if>
      <if test="email != null">
        email,
      </if>
      <if test="created != null">
        created,
      </if>
      <if test="updated != null">
        updated,
      </if>
      <if test="sourceType != null">
        source_type,
      </if>
      <if test="nickName != null">
        nick_name,
      </if>
      <if test="name != null">
        name,
      </if>
      <if test="status != null">
        status,
      </if>
      <if test="headPic != null">
        head_pic,
      </if>
      <if test="qq != null">
        qq,
      </if>
      <if test="accountBalance != null">
        account_balance,
      </if>
      <if test="isMobileCheck != null">
        is_mobile_check,
      </if>
      <if test="isEmailCheck != null">
        is_email_check,
      </if>
      <if test="sex != null">
        sex,
      </if>
      <if test="userLevel != null">
        user_level,
      </if>
      <if test="points != null">
        points,
      </if>
      <if test="experienceValue != null">
        experience_value,
      </if>
      <if test="birthday != null">
        birthday,
      </if>
      <if test="lastLoginTime != null">
        last_login_time,
      </if>
    </trim>
    <trim prefix="values (" suffix=")" suffixOverrides=",">
      <if test="id != null">
        #{id,jdbcType=BIGINT},
      </if>
      <if test="username != null">
        #{username,jdbcType=VARCHAR},
      </if>
      <if test="password != null">
        #{password,jdbcType=VARCHAR},
      </if>
      <if test="phone != null">
        #{phone,jdbcType=VARCHAR},
      </if>
      <if test="email != null">
        #{email,jdbcType=VARCHAR},
      </if>
      <if test="created != null">
        #{created,jdbcType=TIMESTAMP},
      </if>
      <if test="updated != null">
        #{updated,jdbcType=TIMESTAMP},
      </if>
      <if test="sourceType != null">
        #{sourceType,jdbcType=VARCHAR},
      </if>
      <if test="nickName != null">
        #{nickName,jdbcType=VARCHAR},
      </if>
      <if test="name != null">
        #{name,jdbcType=VARCHAR},
      </if>
      <if test="status != null">
        #{status,jdbcType=VARCHAR},
      </if>
      <if test="headPic != null">
        #{headPic,jdbcType=VARCHAR},
      </if>
      <if test="qq != null">
        #{qq,jdbcType=VARCHAR},
      </if>
      <if test="accountBalance != null">
        #{accountBalance,jdbcType=DECIMAL},
      </if>
      <if test="isMobileCheck != null">
        #{isMobileCheck,jdbcType=VARCHAR},
      </if>
      <if test="isEmailCheck != null">
        #{isEmailCheck,jdbcType=VARCHAR},
      </if>
      <if test="sex != null">
        #{sex,jdbcType=VARCHAR},
      </if>
      <if test="userLevel != null">
        #{userLevel,jdbcType=INTEGER},
      </if>
      <if test="points != null">
        #{points,jdbcType=INTEGER},
      </if>
      <if test="experienceValue != null">
        #{experienceValue,jdbcType=INTEGER},
      </if>
      <if test="birthday != null">
        #{birthday,jdbcType=TIMESTAMP},
      </if>
      <if test="lastLoginTime != null">
        #{lastLoginTime,jdbcType=TIMESTAMP},
      </if>
    </trim>
  </insert>
  <select id="countByExample" parameterType="com.offcn.pojo.TbUserExample" resultType="java.lang.Long">
    select count(*) from tb_user
    <if test="_parameter != null">
      <include refid="Example_Where_Clause" />
    </if>
  </select>
  <update id="updateByExampleSelective" parameterType="map">
    update tb_user
    <set>
      <if test="record.id != null">
        id = #{record.id,jdbcType=BIGINT},
      </if>
      <if test="record.username != null">
        username = #{record.username,jdbcType=VARCHAR},
      </if>
      <if test="record.password != null">
        password = #{record.password,jdbcType=VARCHAR},
      </if>
      <if test="record.phone != null">
        phone = #{record.phone,jdbcType=VARCHAR},
      </if>
      <if test="record.email != null">
        email = #{record.email,jdbcType=VARCHAR},
      </if>
      <if test="record.created != null">
        created = #{record.created,jdbcType=TIMESTAMP},
      </if>
      <if test="record.updated != null">
        updated = #{record.updated,jdbcType=TIMESTAMP},
      </if>
      <if test="record.sourceType != null">
        source_type = #{record.sourceType,jdbcType=VARCHAR},
      </if>
      <if test="record.nickName != null">
        nick_name = #{record.nickName,jdbcType=VARCHAR},
      </if>
      <if test="record.name != null">
        name = #{record.name,jdbcType=VARCHAR},
      </if>
      <if test="record.status != null">
        status = #{record.status,jdbcType=VARCHAR},
      </if>
      <if test="record.headPic != null">
        head_pic = #{record.headPic,jdbcType=VARCHAR},
      </if>
      <if test="record.qq != null">
        qq = #{record.qq,jdbcType=VARCHAR},
      </if>
      <if test="record.accountBalance != null">
        account_balance = #{record.accountBalance,jdbcType=DECIMAL},
      </if>
      <if test="record.isMobileCheck != null">
        is_mobile_check = #{record.isMobileCheck,jdbcType=VARCHAR},
      </if>
      <if test="record.isEmailCheck != null">
        is_email_check = #{record.isEmailCheck,jdbcType=VARCHAR},
      </if>
      <if test="record.sex != null">
        sex = #{record.sex,jdbcType=VARCHAR},
      </if>
      <if test="record.userLevel != null">
        user_level = #{record.userLevel,jdbcType=INTEGER},
      </if>
      <if test="record.points != null">
        points = #{record.points,jdbcType=INTEGER},
      </if>
      <if test="record.experienceValue != null">
        experience_value = #{record.experienceValue,jdbcType=INTEGER},
      </if>
      <if test="record.birthday != null">
        birthday = #{record.birthday,jdbcType=TIMESTAMP},
      </if>
      <if test="record.lastLoginTime != null">
        last_login_time = #{record.lastLoginTime,jdbcType=TIMESTAMP},
      </if>
    </set>
    <if test="_parameter != null">
      <include refid="Update_By_Example_Where_Clause" />
    </if>
  </update>
  <update id="updateByExample" parameterType="map">
    update tb_user
    set id = #{record.id,jdbcType=BIGINT},
      username = #{record.username,jdbcType=VARCHAR},
      password = #{record.password,jdbcType=VARCHAR},
      phone = #{record.phone,jdbcType=VARCHAR},
      email = #{record.email,jdbcType=VARCHAR},
      created = #{record.created,jdbcType=TIMESTAMP},
      updated = #{record.updated,jdbcType=TIMESTAMP},
      source_type = #{record.sourceType,jdbcType=VARCHAR},
      nick_name = #{record.nickName,jdbcType=VARCHAR},
      name = #{record.name,jdbcType=VARCHAR},
      status = #{record.status,jdbcType=VARCHAR},
      head_pic = #{record.headPic,jdbcType=VARCHAR},
      qq = #{record.qq,jdbcType=VARCHAR},
      account_balance = #{record.accountBalance,jdbcType=DECIMAL},
      is_mobile_check = #{record.isMobileCheck,jdbcType=VARCHAR},
      is_email_check = #{record.isEmailCheck,jdbcType=VARCHAR},
      sex = #{record.sex,jdbcType=VARCHAR},
      user_level = #{record.userLevel,jdbcType=INTEGER},
      points = #{record.points,jdbcType=INTEGER},
      experience_value = #{record.experienceValue,jdbcType=INTEGER},
      birthday = #{record.birthday,jdbcType=TIMESTAMP},
      last_login_time = #{record.lastLoginTime,jdbcType=TIMESTAMP}
    <if test="_parameter != null">
      <include refid="Update_By_Example_Where_Clause" />
    </if>
  </update>
  <update id="updateByPrimaryKeySelective" parameterType="com.offcn.pojo.TbUser">
    update tb_user
    <set>
      <if test="username != null">
        username = #{username,jdbcType=VARCHAR},
      </if>
      <if test="password != null">
        password = #{password,jdbcType=VARCHAR},
      </if>
      <if test="phone != null">
        phone = #{phone,jdbcType=VARCHAR},
      </if>
      <if test="email != null">
        email = #{email,jdbcType=VARCHAR},
      </if>
      <if test="created != null">
        created = #{created,jdbcType=TIMESTAMP},
      </if>
      <if test="updated != null">
        updated = #{updated,jdbcType=TIMESTAMP},
      </if>
      <if test="sourceType != null">
        source_type = #{sourceType,jdbcType=VARCHAR},
      </if>
      <if test="nickName != null">
        nick_name = #{nickName,jdbcType=VARCHAR},
      </if>
      <if test="name != null">
        name = #{name,jdbcType=VARCHAR},
      </if>
      <if test="status != null">
        status = #{status,jdbcType=VARCHAR},
      </if>
      <if test="headPic != null">
        head_pic = #{headPic,jdbcType=VARCHAR},
      </if>
      <if test="qq != null">
        qq = #{qq,jdbcType=VARCHAR},
      </if>
      <if test="accountBalance != null">
        account_balance = #{accountBalance,jdbcType=DECIMAL},
      </if>
      <if test="isMobileCheck != null">
        is_mobile_check = #{isMobileCheck,jdbcType=VARCHAR},
      </if>
      <if test="isEmailCheck != null">
        is_email_check = #{isEmailCheck,jdbcType=VARCHAR},
      </if>
      <if test="sex != null">
        sex = #{sex,jdbcType=VARCHAR},
      </if>
      <if test="userLevel != null">
        user_level = #{userLevel,jdbcType=INTEGER},
      </if>
      <if test="points != null">
        points = #{points,jdbcType=INTEGER},
      </if>
      <if test="experienceValue != null">
        experience_value = #{experienceValue,jdbcType=INTEGER},
      </if>
      <if test="birthday != null">
        birthday = #{birthday,jdbcType=TIMESTAMP},
      </if>
      <if test="lastLoginTime != null">
        last_login_time = #{lastLoginTime,jdbcType=TIMESTAMP},
      </if>
    </set>
    where id = #{id,jdbcType=BIGINT}
  </update>
  <update id="updateByPrimaryKey" parameterType="com.offcn.pojo.TbUser">
    update tb_user
    set username = #{username,jdbcType=VARCHAR},
      password = #{password,jdbcType=VARCHAR},
      phone = #{phone,jdbcType=VARCHAR},
      email = #{email,jdbcType=VARCHAR},
      created = #{created,jdbcType=TIMESTAMP},
      updated = #{updated,jdbcType=TIMESTAMP},
      source_type = #{sourceType,jdbcType=VARCHAR},
      nick_name = #{nickName,jdbcType=VARCHAR},
      name = #{name,jdbcType=VARCHAR},
      status = #{status,jdbcType=VARCHAR},
      head_pic = #{headPic,jdbcType=VARCHAR},
      qq = #{qq,jdbcType=VARCHAR},
      account_balance = #{accountBalance,jdbcType=DECIMAL},
      is_mobile_check = #{isMobileCheck,jdbcType=VARCHAR},
      is_email_check = #{isEmailCheck,jdbcType=VARCHAR},
      sex = #{sex,jdbcType=VARCHAR},
      user_level = #{userLevel,jdbcType=INTEGER},
      points = #{points,jdbcType=INTEGER},
      experience_value = #{experienceValue,jdbcType=INTEGER},
      birthday = #{birthday,jdbcType=TIMESTAMP},
      last_login_time = #{lastLoginTime,jdbcType=TIMESTAMP}
    where id = #{id,jdbcType=BIGINT}
  </update>
</mapper>